{
    "dims": {
        "height": 1944,
        "width": 2592
    },
    "rois": {
        "PR1": [
            [
                391.17366283006106,
                1265.98562811596
            ],
            [
                614.5256662768513,
                1403.5864159537145
            ],
            [
                815.9413122422602,
                1299.8872714962763
            ],
            [
                1033.310672739583,
                1297.8930571797873
            ],
            [
                1140.9982458299996,
                1164.280697975011
            ],
            [
                784.0338831784331,
                1158.2980550255434
            ]
        ]
    }
}